{"rmse": 42337.27380944861, "r2": 0.8485864503269489, "sample_size": 5000}