{"rmse": 48977.063518396775, "r2": 0.8169462518407672, "sample_size": 20640}