{"mse": 0.49867516307447746, "r2": 0.2369231952236811}